{
  "project_info": {
    "project_number": "435732154146",
    "firebase_url": "https://anushthan-b98ef-default-rtdb.asia-southeast1.firebasedatabase.app",
    "project_id": "anushthan-b98ef",
    "storage_bucket": "anushthan-b98ef.appspot.com"
  },
  "client": [
    {
      "client_info": {
        "mobilesdk_app_id": "1:435732154146:android:27d7e1f7506bc771d6477b",
        "android_client_info": {
          "package_name": "com.mycompany.anushthan"
        }
      },
      "oauth_client": [],
      "api_key": [
        {
          "current_key": "AIzaSyCDwEy8NC4cUyB4fYEcCAKyMdetSZR29ms"
        }
      ],
      "services": {
        "appinvite_service": {
          "other_platform_oauth_client": []
        }
      }
    }
  ],
  "configuration_version": "1"
}